<?xml version="1.0"?>
<!DOCTYPE module PUBLIC
    "-//Checkstyle//DTD Checkstyle Configuration 1.3//EN"
    "https://checkstyle.org/dtds/configuration_1_3.dtd">
<module name="Checker">
  <module name="TreeWalker">
    <!-- 移除了过于严苛的 FinalParameters 和 Indentation 检查，以专注于核心质量问题 -->
    <module name="NeedBraces"/>
    <module name="EmptyBlock"/>
    <module name="WhitespaceAround"/>
    <module name="MethodParamPad"/>
    <module name="NoWhitespaceAfter"/>
    <module name="NoWhitespaceBefore"/>
    <module name="ParenPad"/>
    <module name="UpperEll"/>
    <module name="OneStatementPerLine"/>
    <module name="DeclarationOrder"/>
    <module name="ModifierOrder"/>
    <module name="RedundantModifier"/>
    <module name="AnnotationLocation"/>
  </module>
</module>
