{
  "id": "cd1c9f1a-5b0a-4b8e-9f2f-6f0f1c0eaaaa",
  "name": "local",
  "values": [
    { "key": "baseUrl", "value": "http://127.0.0.1:8082", "enabled": true },
    { "key": "token", "value": "", "enabled": true },
    { "key": "userToken", "value": "", "enabled": true },
    { "key": "adminUsername", "value": "admin", "enabled": true },
    { "key": "adminPassword", "value": "admin12345", "enabled": true },
    { "key": "userUsername", "value": "testuser", "enabled": true },
    { "key": "userPassword", "value": "user12345", "enabled": true },
    { "key": "devToken", "value": "dev-123", "enabled": true }
  ]
}
