{
  "description": "",
  "packOptions": {
    "ignore": []
  },
  "setting": {
    "urlCheck": false,
    "es6": true,
    "postcss": true,
    "minified": false,
    "newFeature": true,
    "nodeModules": true
  },
  "compileType": "miniprogram",
  "libVersion": "2.26.0",
  "appid": "testAppId",
  "projectname": "模具管理系统小程序端",
  "debugOptions": {
    "hidedInDevtools": []
  },
  "isGameTourist": false,
  "condition": {
    "search": {
      "current": -1,
      "list": []
    },
    "conversation": {
      "current": -1,
      "list": []
    },
    "game": {
      "currentL": -1,
      "list": []
    },
    "miniprogram": {
      "current": -1,
      "list": []
    }
  }
}
