{
  "colors": {
    "primary": "#6150BF",
    "primaryLight": "#EEF2FF",
    "primaryDark": "#4F46E5",
    "success": "#10B981",
    "warning": "#F59E0B",
    "error": "#EF4444",
    "info": "#6B7280",
    "white": "#FFFFFF",
    "gray50": "#F9FAFB",
    "gray100": "#F3F4F6",
    "gray200": "#E5E7EB",
    "gray300": "#D1D5DB",
    "gray400": "#9CA3AF",
    "gray500": "#6B7280",
    "gray600": "#4B5563",
    "gray700": "#374151",
    "gray800": "#1F2937",
    "gray900": "#111827",
    "backgroundPage": "#F9F9FA",
    "cardBackground": "#FFFFFF"
  },
  "spacing": {
    "s1": "8px",
    "s2": "16px",
    "s3": "24px",
    "s4": "32px",
    "s5": "40px",
    "s6": "48px"
  },
  "radii": {
    "sm": "4px",
    "md": "8px",
    "lg": "12px",
    "xl": "16px",
    "2xl": "20px",
    "button": "12px",
    "input": "8px",
    "card": "20px"
  },
  "typography": {
    "fontFamily": "Inter, ui-sans-serif, system-ui, -apple-system, Segoe UI, Roboto, Helvetica Neue, Arial",
    "size": {
      "xs": "12px",
      "sm": "14px",
      "base": "14px",
      "lg": "16px",
      "xl": "18px",
      "2xl": "20px"
    },
    "weight": {
      "medium": 500,
      "semibold": 600
    }
  }
}
